{
  "watchlist": [
    {
      "vote_count": 7353,
      "id": 299536,
      "video": false,
      "vote_average": 8.3,
      "title": "Avengers: Infinity War",
      "popularity": 253.501,
      "poster_path": "https://image.tmdb.org/t/p/w500/7WsyChQLEftFiDOVTGkv3hFpyyt.jpg",
      "original_language": "en",
      "original_title": "Avengers: Infinity War",
      "genre_ids": [
        12,
        878,
        14,
        28
      ],
      "backdrop_path": "/bOGkgRGdhrBYJSLpXaxhXVstddV.jpg",
      "adult": false,
      "overview": "As the Avengers and their allies have continued to protect the world from threats too large for any one hero to handle, a new danger has emerged from the cosmic shadows: Thanos. A despot of intergalactic infamy, his goal is to collect all six Infinity Stones, artifacts of unimaginable power, and use them to inflict his twisted will on all of reality. Everything the Avengers have fought for has led up to this moment - the fate of Earth and existence itself has never been more uncertain.",
      "release_date": "2018-04-25"
    },
    {
      "vote_count": 4319,
      "id": 383498,
      "video": false,
      "vote_average": 7.5,
      "title": "Deadpool 2",
      "popularity": 189.592,
      "poster_path": "https://image.tmdb.org/t/p/w500/to0spRl1CMDvyUbOnbb4fTk3VAd.jpg",
      "original_language": "en",
      "original_title": "Deadpool 2",
      "genre_ids": [
        28,
        35,
        878
      ],
      "backdrop_path": "/3P52oz9HPQWxcwHOwxtyrVV1LKi.jpg",
      "adult": false,
      "overview": "Wisecracking mercenary Deadpool battles the evil and powerful Cable and other bad guys to save a boy's life.",
      "release_date": "2018-05-15"
    },
    {
      "vote_count": 10842,
      "id": 278,
      "video": false,
      "vote_average": 8.6,
      "title": "The Shawshank Redemption",
      "popularity": 27.746,
      "poster_path": "https://image.tmdb.org/t/p/w500/9O7gLzmreU0nGkIB6K3BsJbzvNv.jpg",
      "original_language": "en",
      "original_title": "The Shawshank Redemption",
      "genre_ids": [
        18,
        80
      ],
      "backdrop_path": "/j9XKiZrVeViAixVRzCta7h1VU9W.jpg",
      "adult": false,
      "overview": "Framed in the 1940s for the double murder of his wife and her lover, upstanding banker Andy Dufresne begins a new life at the Shawshank prison, where he puts his accounting skills to work for an amoral warden. During his long stretch in prison, Dufresne comes to be admired by the other inmates -- including an older prisoner named Red -- for his integrity and unquenchable sense of hope.",
      "release_date": "1994-09-23"
    }
  ]
}